[
  {
    "id": 1,
    "name": "Basic",
    "icon": "flash-outline",
    "powerRange": "2–5 kW",
    "consumption": "60–150 kWh/mês",
    "pricePerKwh": "R$ 0,6561/kWh",
    "monthlyEstimate": "R$ 150 a R$ 300",
    "energyCost": "R$ 39,36 a R$ 98,40",
    "commercialIndication": false,
    "commercialAttraction": "Indicado para residências",
    "description": "Ideal para pequenos negócios e residências, com economia de até 20% na conta de luz.",
    "status": "active"
  },
  {
    "id": 2,
    "name": "Special",
    "icon": "sunny-outline",
    "powerRange": "5–10 kW",
    "consumption": "150–300 kWh/mês",
    "pricePerKwh": "R$ 0,6561/kWh",
    "monthlyEstimate": "R$ 300 a R$ 600",
    "energyCost": "R$ 98,40 a R$ 196,80",
    "commercialIndication": true,
    "commercialAttraction": "Mais Popular entre empresas",
    "description": "Perfeito para empresas de médio porte, com economia de até 25% na conta de luz.",
    "status": "active"
  },
  {
    "id": 3,
    "name": "Premium",
    "icon": "star-outline",
    "powerRange": "10–15+ kW",
    "consumption": "300–450 kWh/mês",
    "pricePerKwh": "R$ 0,6561/kWh",
    "monthlyEstimate": "R$ 600 a R$ 900",
    "energyCost": "R$ 196,80 a R$ 295,20",
    "commercialIndication": false,
    "commercialAttraction": "Alta demanda energética",
    "description": "Para grandes empresas e indústrias, com economia de até 30% na conta de luz.",
    "status": "active"
  }
]
