[
  { "id": 4, "name": "Enel Distribuição São Paulo", "status": "active" },
  { "id": 5, "name": "CPFL Paulista", "status": "active" },
  { "id": 6, "name": "CPFL Piratininga", "status": "active" },
  { "id": 7, "name": "CPFL Santa Cruz", "status": "active" },
  { "id": 8, "name": "EDP SP", "status": "active" },
  { "id": 9, "name": "Energisa Sul Sudeste", "status": "active" },
  { "id": 10, "name": "Neoenergia Elektro", "status": "active" },
  { "id": 11, "name": "Amazonas Energia", "status": "inactive" },
  { "id": 12, "name": "Companhia de Eletricidade do Amapá", "status": "inactive" },
  { "id": 13, "name": "Centrais Elétricas de Santa Catarina", "status": "inactive" },
  { "id": 14, "name": "Companhia Energética de Minas Gerais", "status": "inactive" },
  { "id": 15, "name": "Companhia Energética de Roraima", "status": "inactive" },
  { "id": 16, "name": "Companhia Estadual de Distribuição de Energia Elétrica", "status": "inactive" },
  { "id": 17, "name": "Companhia Hidroelétrica São Patrício", "status": "inactive" },
  { "id": 18, "name": "Companhia Paranaense de Energia", "status": "inactive" },
  { "id": 19, "name": "Concessionária de Saneamento do Amapá", "status": "inactive" },
  { "id": 20, "name": "CPFL Energia", "status": "inactive" },
  { "id": 21, "name": "Distribuidora Catarinense de Energia Elétrica", "status": "inactive" },
  { "id": 22, "name": "EDP Brasil", "status": "inactive" },
  { "id": 23, "name": "EDP Espírito Santo", "status": "inactive" },
  { "id": 24, "name": "EDP São Paulo", "status": "inactive" },
  { "id": 25, "name": "Enel Brasil", "status": "inactive" },
  { "id": 26, "name": "Enel Distribuição Ceará", "status": "inactive" },
  { "id": 27, "name": "Enel Distribuição Rio", "status": "inactive" },
  { "id": 28, "name": "Enel Distribuição São Paulo", "status": "inactive" },
  { "id": 29, "name": "Energisa Acre", "status": "inactive" },
  { "id": 30, "name": "Energisa Borborema", "status": "inactive" },
  { "id": 31, "name": "Energisa Mato Grosso", "status": "inactive" },
  { "id": 32, "name": "Energisa Mato Grosso do Sul", "status": "inactive" },
  { "id": 33, "name": "Energisa Minas Gerais", "status": "inactive" },
  { "id": 34, "name": "Energisa Nova Friburgo", "status": "inactive" },
  { "id": 35, "name": "Energisa Rondônia", "status": "inactive" },
  { "id": 36, "name": "Energisa Sergipe", "status": "inactive" },
  { "id": 37, "name": "Energisa Sul-Sudeste", "status": "inactive" },
  { "id": 38, "name": "Energisa Tocantins", "status": "inactive" },
  { "id": 39, "name": "Equatorial Energia", "status": "inactive" },
  { "id": 40, "name": "Equatorial Energia Alagoas", "status": "inactive" },
  { "id": 41, "name": "Equatorial Energia Goiás", "status": "inactive" },
  { "id": 42, "name": "Equatorial Energia Maranhão", "status": "inactive" },
  { "id": 43, "name": "Equatorial Energia Pará", "status": "inactive" },
  { "id": 44, "name": "Equatorial Energia Piauí", "status": "inactive" },
  { "id": 45, "name": "Grupo Energisa", "status": "inactive" },
  { "id": 46, "name": "Light S/A", "status": "inactive" },
  { "id": 47, "name": "Neoenergia", "status": "inactive" },
  { "id": 48, "name": "Neoenergia Brasília", "status": "inactive" },
  { "id": 49, "name": "Neoenergia Coelba", "status": "inactive" },
  { "id": 50, "name": "Neoenergia COSERN", "status": "inactive" },
  { "id": 51, "name": "Neoenergia Pernambuco", "status": "inactive" },
  { "id": 52, "name": "RGE Sul", "status": "inactive" },
  { "id": 53, "name": "Roraima Energia", "status": "inactive" }
]
